id,name,count,url,related
afe03f23-f982-45dd-9a87-3d2137f2fb62,2009-2002,1,https://musicbrainz.org/release/afe03f23-f982-45dd-9a87-3d2137f2fb62,/artist/13bc97bf-7dde-4b21-8f15-564ba4b36017
6197f30e-23c1-4d15-9d45-3b00b3a89d7c,2013-2014 Alternative Version,1,https://musicbrainz.org/release/6197f30e-23c1-4d15-9d45-3b00b3a89d7c,/artist/13bc97bf-7dde-4b21-8f15-564ba4b36017
6d320807-4996-4e7a-85be-ec1e8fab235f,a direction of the ball she hit,1,https://musicbrainz.org/release/6d320807-4996-4e7a-85be-ec1e8fab235f,/artist/96d2fff6-c279-47d5-b115-9addc8d08387
e8d0f001-f1da-427a-93ab-f6b4f5e7585b,Alfonso Bekes en Galeria 624 (en vivo),1,https://musicbrainz.org/release/e8d0f001-f1da-427a-93ab-f6b4f5e7585b,/artist/74d0e190-e739-47c0-b4eb-b2af3a93b9d1
03d6243d-40ad-414b-86dd-6b04b618ba5e,At Home,1,https://musicbrainz.org/release/03d6243d-40ad-414b-86dd-6b04b618ba5e,/artist/023e51a3-4711-4a90-a6f8-8601efab2a4a
758386d6-646b-4882-8c6a-341c40fc8c18,Butterscotch,1,https://musicbrainz.org/release/758386d6-646b-4882-8c6a-341c40fc8c18,/artist/023e51a3-4711-4a90-a6f8-8601efab2a4a
ced68d12-624f-443a-9deb-30f4db10b78f,Day Sketch,1,https://musicbrainz.org/release/ced68d12-624f-443a-9deb-30f4db10b78f,/artist/13bc97bf-7dde-4b21-8f15-564ba4b36017
d6e3ac9f-263f-4a6e-98d7-0031586792c0,Geera Nhama,1,https://musicbrainz.org/release/d6e3ac9f-263f-4a6e-98d7-0031586792c0,/artist/d744acd1-6f58-41a1-8073-7dbfb8d485ed
49567ff5-c097-4809-a8e1-ba73a35f0d22,her abiding memory,1,https://musicbrainz.org/release/49567ff5-c097-4809-a8e1-ba73a35f0d22,/artist/96d2fff6-c279-47d5-b115-9addc8d08387
60e28546-ee88-4421-a359-09fef1de98d9,Lamento,1,https://musicbrainz.org/release/60e28546-ee88-4421-a359-09fef1de98d9,/artist/d744acd1-6f58-41a1-8073-7dbfb8d485ed
63dda82a-e8a3-47d7-a4ac-dd8d58302389,Load before departure,1,https://musicbrainz.org/release/63dda82a-e8a3-47d7-a4ac-dd8d58302389,/artist/13bc97bf-7dde-4b21-8f15-564ba4b36017
97dd2d66-b6f5-43a9-8574-c7de9b0e322e,Madjari Yandha Gadhu,1,https://musicbrainz.org/release/97dd2d66-b6f5-43a9-8574-c7de9b0e322e,/artist/d744acd1-6f58-41a1-8073-7dbfb8d485ed
8c58e571-29ed-4c67-923e-22b4bcb8d860,Minnamurra,1,https://musicbrainz.org/release/8c58e571-29ed-4c67-923e-22b4bcb8d860,/artist/d744acd1-6f58-41a1-8073-7dbfb8d485ed
adbfa80c-30a9-4186-ace0-1f52c7d859a3,"Na' Ha Dio Metra Sinnefo (Original Tv Series ""O Paradeisos Ton Kyrion"" Soundtrack)",1,https://musicbrainz.org/release/adbfa80c-30a9-4186-ace0-1f52c7d859a3,/artist/bf8c7bf4-1876-47ef-aa8f-76ced748f0a8
b87de81d-f293-457f-93cc-68ebc19076f3,Notable Journey,1,https://musicbrainz.org/release/b87de81d-f293-457f-93cc-68ebc19076f3,/artist/5a3c44ae-0252-43c1-81db-f1be3abab4e9
b872a8d9-d6df-4768-bf43-44c3971fde9a,Pressed for time,1,https://musicbrainz.org/release/b872a8d9-d6df-4768-bf43-44c3971fde9a,/artist/13bc97bf-7dde-4b21-8f15-564ba4b36017
8bfe6b2c-8793-4948-a7bd-53790398f18c,Sample Platitudes,1,https://musicbrainz.org/release/8bfe6b2c-8793-4948-a7bd-53790398f18c,/artist/be4938dd-5d21-4bea-8b2e-8df9c2e33587
da7a9466-332c-429b-87df-ca6cc60bd9c3,Savia,1,https://musicbrainz.org/release/da7a9466-332c-429b-87df-ca6cc60bd9c3,/artist/74d0e190-e739-47c0-b4eb-b2af3a93b9d1
e75f6a7e-b4d0-4d2a-af46-d784145b296e,Sharing the emotion,1,https://musicbrainz.org/release/e75f6a7e-b4d0-4d2a-af46-d784145b296e,/artist/13bc97bf-7dde-4b21-8f15-564ba4b36017
ee2f8abc-336b-4175-8d9d-5c4df2f6ed53,Snowstorm,1,https://musicbrainz.org/release/ee2f8abc-336b-4175-8d9d-5c4df2f6ed53,/artist/023e51a3-4711-4a90-a6f8-8601efab2a4a
fd096488-976a-4d7f-a88d-6dc48e266bea,Solitary walk,1,https://musicbrainz.org/release/fd096488-976a-4d7f-a88d-6dc48e266bea,/artist/13bc97bf-7dde-4b21-8f15-564ba4b36017
bf0439a4-e0dd-47bb-9c53-0f8da3a7e4dc,Sons of 1973,1,https://musicbrainz.org/release/bf0439a4-e0dd-47bb-9c53-0f8da3a7e4dc,/artist/f1d7d6e1-c901-4034-9491-e5a26182a261
818d06f5-6235-424a-86b8-5a0679fd2223,T-cophony,1,https://musicbrainz.org/release/818d06f5-6235-424a-86b8-5a0679fd2223,/artist/13bc97bf-7dde-4b21-8f15-564ba4b36017
07fcb84e-cfe9-4d73-b7cf-2656d1d99d7c,The Lyrebird,1,https://musicbrainz.org/release/07fcb84e-cfe9-4d73-b7cf-2656d1d99d7c,/artist/d744acd1-6f58-41a1-8073-7dbfb8d485ed
274eebd5-01e1-4cd8-b04b-8241c117630f,TV anime 'Kamisama ni Natta Hi' Original Soundtrack,1,https://musicbrainz.org/release/274eebd5-01e1-4cd8-b04b-8241c117630f,/artist/b8fec83f-5e7d-4efe-955c-0958f528774b
d48c7116-383c-40c1-91a9-b428e231aa6a,Unknown Coloration ORIGINAL,1,https://musicbrainz.org/release/d48c7116-383c-40c1-91a9-b428e231aa6a,/artist/13bc97bf-7dde-4b21-8f15-564ba4b36017
96cd4535-5339-41b0-af0e-fe556069bf64,Unmastered: The Demo Sessions,1,https://musicbrainz.org/release/96cd4535-5339-41b0-af0e-fe556069bf64,/artist/67f058b4-cef2-4b19-8d65-2d3265cbef9a
522572a0-9e38-45ca-b2ed-b517c92e4444,ペニーアーケードの年,1,https://musicbrainz.org/release/522572a0-9e38-45ca-b2ed-b517c92e4444,/artist/4d7872d3-2761-4933-bbc2-dfab3d954b62
7770e7b1-55d1-4bbb-8b81-85ca7b13504c,神様になった日 Original Soundtrack,1,https://musicbrainz.org/release/7770e7b1-55d1-4bbb-8b81-85ca7b13504c,/artist/70b53472-09dd-4f51-8a1e-b1b6dab0b2ff
